<?xml version="1.0"?>
<!--<!DOCTYPE metadata SYSTEM "http://www.esri.com/metadata/esriprof80.dtd">-->
<metadata xml:lang="en"><Esri><CreaDate>20100327</CreaDate><CreaTime>14054800</CreaTime><SyncOnce>TRUE</SyncOnce><MetaID>{1C82CCC0-BD2C-4762-A648-F554FBF332A1}</MetaID></Esri><idinfo><citation><citeinfo><onlink Sync="TRUE">\\MOUSE\C$\Scratch\LoganStart\OutletCopywithlongnameerrreadarahjnaknelk</onlink></citeinfo></citation></idinfo><distInfo><distributor><distorTran><onLineSrc><linkage Sync="TRUE">file://\\MOUSE\C$\Scratch\LoganStart\OutletCopywithlongnameerrreadarahjnaknelk</linkage><protocol Sync="TRUE">Local Area Network</protocol></onLineSrc></distorTran></distributor></distInfo><dataqual><lineage><procstep><procdesc Sync="TRUE">Dataset copied.</procdesc><srcused Sync="TRUE">C:\Scratch\Logan\Outlet</srcused><procdate Sync="TRUE">20100327</procdate><proctime Sync="TRUE">13312800</proctime></procstep><procstep><procdesc Sync="TRUE">Dataset copied.</procdesc><srcused Sync="TRUE">C:\Scratch\Logan\OutletCopywithlongnameerrreadarahjnaknelk</srcused><procdate Sync="TRUE">20100327</procdate><proctime Sync="TRUE">14054800</proctime></procstep></lineage></dataqual></metadata>
